correlativo_estudiante,nombre_carrera,fecha_publico,sexo,pais_nacionalidad,anio_nacimiento,anio_ingreso_carrera,promedio_al_graduarse
406,INGENIERIA AMBIENTAL,2019-02,M,GUATEMALA,1994,2013,71-75
369,INGENIERIA INDUSTRIAL,2019-02,F,GUATEMALA,1995,2014,66-70
382,INGENIERIA MECANICA INDUSTRIAL,2019-02,M,GUATEMALA,1992,2012,66-70
147,INGENIERIA CIVIL,2019-02,M,GUATEMALA,1988,2007,76-80
495,INGENIERIA MECANICA,2019-02,M,GUATEMALA,1995,2014,71-75
285,INGENIERIA MECANICA,2019-02,M,GUATEMALA,1992,2013,66-70
88,INGENIERIA MECANICA ELECTRICA,2019-02,M,GUATEMALA,1986,2004,66-70
461,INGENIERIA INDUSTRIAL,2019-02,M,GUATEMALA,1996,2014,76-80
174,INGENIERIA CIVIL,2019-02,M,GUATEMALA,1990,2008,66-70
175,INGENIERIA ELECTRICA,2019-02,M,GUATEMALA,1989,2008,66-70
416,INGENIERIA CIVIL,2019-02,F,GUATEMALA,1994,2013,76-80
65,INGENIERIA INDUSTRIAL,2019-02,M,GUATEMALA,1985,2006,71-75
455,INGENIERIA ELECTRONICA,2019-02,F,GUATEMALA,1993,2013,71-75
312,INGENIERIA QUIMICA,2019-02,F,GUATEMALA,1992,2011,71-75
142,INGENIERIA MECANICA ELECTRICA,2019-02,M,GUATEMALA,1988,2007,66-70
304,INGENIERIA CIVIL,2019-02,F,GUATEMALA,1991,2011,66-70
162,INGENIERIA MECANICA,2019-02,M,GUATEMALA,1988,2008,71-75
423,INGENIERIA QUIMICA,2019-02,M,GUATEMALA,1994,2013,71-75
378,INGENIERIA MECANICA,2019-02,M,GUATEMALA,1993,2015,76-80
297,INGENIERIA INDUSTRIAL,2019-02,M,GUATEMALA,1993,2015,71-75
357,INGENIERIA INDUSTRIAL,2019-02,M,GUATEMALA,1993,2013,71-75
180,INGENIERIA ELECTRICA,2019-02,M,GUATEMALA,1989,2009,66-70
298,INGENIERIA CIVIL,2019-02,F,GUATEMALA,1992,2011,71-75
388,INGENIERIA CIVIL,2019-02,M,GUATEMALA,1994,2013,76-80
375,INGENIERIA QUIMICA,2019-02,M,GUATEMALA,1993,2013,71-75
431,INGENIERIA QUIMICA,2019-02,M,GUATEMALA,1994,2013,71-75
35,INGENIERIA ELECTRONICA,2019-02,M,GUATEMALA,1980,1999,66-70
497,INGENIERIA QUIMICA,2019-02,M,GUATEMALA,1995,2014,71-75
349,INGENIERIA QUIMICA,2019-02,M,GUATEMALA,1993,2012,71-75
326,INGENIERIA INDUSTRIAL,2019-02,M,GUATEMALA,1993,2012,66-70
230,INGENIERIA ELECTRONICA,2019-02,F,GUATEMALA,1992,2010,66-70
159,INGENIERIA ELECTRICA,2019-02,M,GUATEMALA,1988,2008,66-70
43,INGENIERIA INDUSTRIAL,2019-02,M,GUATEMALA,1982,2010,66-70
211,INGENIERIA MECANICA,2019-02,F,GUATEMALA,1989,2015,71-75
221,INGENIERIA CIVIL,2019-02,M,GUATEMALA,1991,2009,71-75
157,INGENIERIA INDUSTRIAL,2019-02,M,GUATEMALA,1989,2008,66-70
386,INGENIERIA CIVIL,2019-02,M,GUATEMALA,1990,2013,66-70
193,INGENIERIA MECANICA INDUSTRIAL,2019-02,M,GUATEMALA,1988,2009,66-70
219,INGENIERIA MECANICA,2019-02,M,GUATEMALA,1990,2013,71-75
84,INGENIERIA ELECTRICA,2019-02,M,GUATEMALA,1984,2004,66-70
56,INGENIERIA INDUSTRIAL,2019-02,M,GUATEMALA,1980,2002,66-70
460,INGENIERIA QUIMICA,2019-02,M,GUATEMALA,1994,2013,71-75
368,INGENIERIA ELECTRICA,2019-02,M,GUATEMALA,1993,2012,71-75
161,INGENIERIA MECANICA,2019-02,M,GUATEMALA,1984,2012,66-70
111,INGENIERIA ELECTRICA,2019-02,M,GUATEMALA,1981,2006,66-70
273,INGENIERIA ELECTRONICA,2019-02,M,GUATEMALA,1993,2011,71-75
171,INGENIERIA QUIMICA,2019-02,F,GUATEMALA,1989,2008,66-70
172,INGENIERIA ELECTRONICA,2019-02,F,GUATEMALA,1987,2008,71-75
405,INGENIERIA QUIMICA,2019-02,F,GUATEMALA,1995,2013,76-80
266,INGENIERIA INDUSTRIAL,2019-03,F,GUATEMALA,1991,2011,66-70
160,INGENIERIA INDUSTRIAL,2019-03,F,GUATEMALA,1989,2010,66-70
222,INGENIERIA QUIMICA,2019-03,M,GUATEMALA,1990,2009,66-70
166,INGENIERIA EN CIENCIAS Y SISTEMAS,2019-03,M,GUATEMALA,1989,2008,66-70
168,INGENIERIA INDUSTRIAL,2019-03,F,GUATEMALA,1990,2013,66-70
215,INGENIERIA INDUSTRIAL,2019-03,M,GUATEMALA,1990,2010,66-70
178,INGENIERIA CIVIL,2019-03,M,GUATEMALA,1987,2008,66-70
353,INGENIERIA CIVIL,2019-03,M,GUATEMALA,1992,2013,66-70
185,INGENIERIA MECANICA,2019-03,F,GUATEMALA,1990,2012,71-75
212,INGENIERIA ELECTRICA,2019-03,M,GUATEMALA,1984,2009,66-70
348,INGENIERIA INDUSTRIAL,2019-03,M,GUATEMALA,1993,2016,66-70
210,INGENIERIA CIVIL,2019-03,M,GUATEMALA,1989,2009,71-75
484,INGENIERIA INDUSTRIAL,2019-03,M,GUATEMALA,1995,2014,71-75
206,INGENIERIA QUIMICA,2019-03,F,GUATEMALA,1989,2009,66-70
403,INGENIERIA INDUSTRIAL,2019-03,M,GUATEMALA,1994,2013,66-70
202,INGENIERIA INDUSTRIAL,2019-03,F,GUATEMALA,1989,2009,66-70
318,INGENIERIA QUIMICA,2019-03,F,GUATEMALA,1992,2011,71-75
73,INGENIERIA INDUSTRIAL,2019-03,M,GUATEMALA,1984,2008,71-75
414,INGENIERIA CIVIL,2019-03,M,GUATEMALA,1995,2013,76-80
415,INGENIERIA INDUSTRIAL,2019-03,M,GUATEMALA,1994,2013,71-75
313,INGENIERIA INDUSTRIAL,2019-03,M,GUATEMALA,1992,2011,76-80
307,INGENIERIA CIVIL,2019-03,M,GUATEMALA,1993,2011,71-75
18,INGENIERIA MECANICA ELECTRICA,2019-03,M,GUATEMALA,1974,1992,66-70
13,INGENIERIA CIVIL,2019-03,M,GUATEMALA,1970,1989,66-70
302,INGENIERIA MECANICA,2019-03,M,GUATEMALA,1993,2011,66-70
429,INGENIERIA MECANICA ELECTRICA,2019-03,M,GUATEMALA,1995,2013,76-80
432,INGENIERIA INDUSTRIAL,2019-03,M,GUATEMALA,1994,2013,71-75
337,INGENIERIA QUIMICA,2019-03,M,GUATEMALA,1992,2012,71-75
437,INGENIERIA QUIMICA,2019-03,M,GUATEMALA,1994,2013,71-75
439,INGENIERIA MECANICA INDUSTRIAL,2019-03,M,GUATEMALA,1995,2013,71-75
441,INGENIERIA INDUSTRIAL,2019-03,M,GUATEMALA,1994,2013,66-70
359,INGENIERIA QUIMICA,2019-03,M,GUATEMALA,1993,2012,71-75
453,INGENIERIA QUIMICA,2019-03,F,GUATEMALA,1995,2013,76-80
332,INGENIERIA CIVIL,2019-03,M,GUATEMALA,1993,2012,71-75
449,INGENIERIA EN CIENCIAS Y SISTEMAS,2019-03,M,GUATEMALA,1994,2013,71-75
97,INGENIERIA INDUSTRIAL,2019-03,M,GUATEMALA,1986,2005,66-70
282,INGENIERIA EN CIENCIAS Y SISTEMAS,2019-03,F,GUATEMALA,1992,2011,76-80
279,INGENIERIA INDUSTRIAL,2019-03,F,GUATEMALA,1991,2011,66-70
100,INGENIERIA EN CIENCIAS Y SISTEMAS,2019-03,M,GUATEMALA,1986,2005,61-65
277,INGENIERIA EN CIENCIAS Y SISTEMAS,2019-03,M,GUATEMALA,1992,2011,71-75
104,INGENIERIA INDUSTRIAL,2019-03,M,GUATEMALA,1986,2008,66-70
26,INGENIERIA INDUSTRIAL,2019-03,F,GUATEMALA,1976,1995,66-70
360,INGENIERIA QUIMICA,2019-03,M,GUATEMALA,1993,2012,71-75
112,INGENIERIA MECANICA ELECTRICA,2019-03,M,GUATEMALA,1987,2006,66-70
271,INGENIERIA ELECTRICA,2019-03,M,GUATEMALA,1990,2011,66-70
16,INGENIERIA ELECTRONICA,2019-03,M,GUATEMALA,1973,1992,66-70
29,INGENIERIA INDUSTRIAL,2019-03,M,GUATEMALA,1979,2012,71-75
120,INGENIERIA INDUSTRIAL,2019-03,F,GUATEMALA,1989,2008,66-70
121,INGENIERIA EN CIENCIAS Y SISTEMAS,2019-03,F,GUATEMALA,1988,2006,76-80
327,INGENIERIA QUIMICA,2019-03,M,GUATEMALA,1992,2012,66-70
261,INGENIERIA EN CIENCIAS Y SISTEMAS,2019-03,M,GUATEMALA,1993,2011,71-75
255,INGENIERIA QUIMICA,2019-03,M,GUATEMALA,1991,2010,66-70
126,INGENIERIA MECANICA ELECTRICA,2019-03,M,GUATEMALA,1985,2006,71-75
387,INGENIERIA EN CIENCIAS Y SISTEMAS,2019-03,M,GUATEMALA,1996,2013,76-80
389,INGENIERIA MECANICA,2019-03,M,GUATEMALA,1993,2013,71-75
482,INGENIERIA CIVIL,2019-03,M,GUATEMALA,1994,2014,71-75
50,INGENIERIA MECANICA,2019-03,M,GUATEMALA,1982,2001,71-75
138,INGENIERIA INDUSTRIAL,2019-03,F,GUATEMALA,1988,2009,66-70
81,INGENIERIA EN CIENCIAS Y SISTEMAS,2019-03,M,GUATEMALA,1986,2004,66-70
242,INGENIERIA EN CIENCIAS Y SISTEMAS,2019-03,M,GUATEMALA,1992,2010,71-75
144,INGENIERIA INDUSTRIAL,2019-03,F,GUATEMALA,1988,2008,71-75
145,INGENIERIA INDUSTRIAL,2019-03,F,GUATEMALA,1988,2007,66-70
150,INGENIERIA INDUSTRIAL,2019-03,M,GUATEMALA,1988,2007,66-70
229,INGENIERIA EN CIENCIAS Y SISTEMAS,2019-03,M,GUATEMALA,1991,2010,71-75
154,INGENIERIA EN CIENCIAS Y SISTEMAS,2019-03,M,GUATEMALA,1989,2007,66-70
64,INGENIERIA EN CIENCIAS Y SISTEMAS,2019-04,M,GUATEMALA,1984,2002,66-70
268,INGENIERIA EN CIENCIAS Y SISTEMAS,2019-04,M,GUATEMALA,1991,2011,66-70
66,INGENIERIA ELECTRICA,2019-04,M,GUATEMALA,1985,2003,66-70
430,INGENIERIA EN CIENCIAS Y SISTEMAS,2019-04,M,GUATEMALA,1994,2013,76-80
118,INGENIERIA INDUSTRIAL,2019-04,M,GUATEMALA,1986,2006,66-70
428,INGENIERIA EN CIENCIAS Y SISTEMAS,2019-04,M,GUATEMALA,1993,2013,76-80
374,INGENIERIA EN CIENCIAS Y SISTEMAS,2019-04,M,GUATEMALA,1992,2012,71-75
244,INGENIERIA MECANICA,2019-04,M,GUATEMALA,1989,2012,66-70
333,INGENIERIA MECANICA,2019-04,M,GUATEMALA,1993,2012,71-75
165,INGENIERIA MECANICA ELECTRICA,2019-04,M,GUATEMALA,1989,2008,71-75
59,INGENIERIA INDUSTRIAL,2019-04,F,GUATEMALA,1983,2002,66-70
390,INGENIERIA MECANICA,2019-04,M,GUATEMALA,1994,2013,76-80
344,INGENIERIA INDUSTRIAL,2019-04,M,GUATEMALA,1994,2012,71-75
223,INGENIERIA MECANICA ELECTRICA,2019-04,M,GUATEMALA,1988,2011,71-75
418,INGENIERIA INDUSTRIAL,2019-04,M,GUATEMALA,1995,2014,71-75
291,INGENIERIA EN CIENCIAS Y SISTEMAS,2019-04,M,GUATEMALA,1993,2011,71-75
287,INGENIERIA ELECTRICA,2019-04,M,GUATEMALA,1992,2011,71-75
192,INGENIERIA MECANICA INDUSTRIAL,2019-04,M,GUATEMALA,1990,2009,71-75
243,INGENIERIA MECANICA INDUSTRIAL,2019-04,M,GUATEMALA,1991,2012,66-70
396,INGENIERIA EN CIENCIAS Y SISTEMAS,2019-04,M,GUATEMALA,1995,2013,71-75
413,INGENIERIA QUIMICA,2019-04,M,GUATEMALA,1995,2013,71-75
451,INGENIERIA QUIMICA,2019-04,F,GUATEMALA,1994,2013,71-75
411,INGENIERIA EN CIENCIAS Y SISTEMAS,2019-04,M,GUATEMALA,1994,2013,71-75
224,INGENIERIA INDUSTRIAL,2019-04,M,GUATEMALA,1989,2013,66-70
183,INGENIERIA EN CIENCIAS Y SISTEMAS,2019-04,M,GUATEMALA,1992,2009,81-85
252,INGENIERIA EN CIENCIAS Y SISTEMAS,2019-04,M,GUATEMALA,1990,2010,66-70
247,INGENIERIA ELECTRONICA,2019-04,M,GUATEMALA,1991,2010,71-75
38,INGENIERIA MECANICA,2019-04,M,GUATEMALA,1982,2003,66-70
69,INGENIERIA MECANICA,2019-04,M,GUATEMALA,1983,2011,71-75
23,INGENIERIA EN CIENCIAS Y SISTEMAS,2019-04,M,GUATEMALA,1977,1995,66-70
214,INGENIERIA INDUSTRIAL,2019-04,F,GUATEMALA,1990,2009,66-70
275,INGENIERIA QUIMICA,2019-04,F,GUATEMALA,1992,2011,71-75
6,INGENIERIA INDUSTRIAL,2019-04,M,GUATEMALA,1962,2016,66-70
201,INGENIERIA INDUSTRIAL,2019-04,M,GUATEMALA,1990,2009,66-70
132,INGENIERIA INDUSTRIAL,2019-04,M,GUATEMALA,1987,2008,66-70
27,INGENIERIA ELECTRICA,2019-04,M,GUATEMALA,1978,1996,66-70
133,INGENIERIA EN CIENCIAS Y SISTEMAS,2019-04,M,GUATEMALA,1988,2007,71-75
203,INGENIERIA EN CIENCIAS Y SISTEMAS,2019-04,M,GUATEMALA,1990,2009,71-75
155,INGENIERIA ELECTRONICA,2019-04,M,GUATEMALA,1986,2007,66-70
197,INGENIERIA MECANICA INDUSTRIAL,2019-04,M,GUATEMALA,1990,2011,71-75
232,INGENIERIA QUIMICA,2019-04,M,GUATEMALA,1992,2010,71-75
179,INGENIERIA CIVIL,2019-05,M,GUATEMALA,1990,2008,66-70
2,INGENIERIA CIVIL,2019-05,M,GUATEMALA,1958,SIN INFORMACION,71-75
363,INGENIERIA CIVIL,2019-05,F,GUATEMALA,1993,2012,71-75
364,INGENIERIA CIVIL,2019-05,M,GUATEMALA,1994,2012,66-70
468,INGENIERIA INDUSTRIAL,2019-05,M,GUATEMALA,1995,2014,71-75
372,INGENIERIA INDUSTRIAL,2019-05,M,GUATEMALA,1994,2013,66-70
379,INGENIERIA CIVIL,2019-05,F,GUATEMALA,1992,2012,71-75
383,INGENIERIA CIVIL,2019-05,F,GUATEMALA,1993,2012,66-70
397,INGENIERIA QUIMICA,2019-05,F,GUATEMALA,1995,2013,71-75
398,INGENIERIA CIVIL,2019-05,M,GUATEMALA,1994,2013,71-75
399,INGENIERIA QUIMICA,2019-05,M,GUATEMALA,1993,2013,76-80
402,INGENIERIA INDUSTRIAL,2019-05,M,GUATEMALA,1994,2013,71-75
407,INGENIERIA EN CIENCIAS Y SISTEMAS,2019-05,M,GUATEMALA,1995,2013,71-75
86,INGENIERIA INDUSTRIAL,2019-05,M,GUATEMALA,1985,2004,66-70
409,INGENIERIA QUIMICA,2019-05,M,GUATEMALA,1995,2013,71-75
422,INGENIERIA INDUSTRIAL,2019-05,F,GUATEMALA,1993,2013,71-75
424,INGENIERIA CIVIL,2019-05,M,GUATEMALA,1995,2014,66-70
425,INGENIERIA CIVIL,2019-05,M,GUATEMALA,1990,2013,71-75
21,INGENIERIA CIVIL,2019-05,M,GUATEMALA,1972,1993,71-75
91,INGENIERIA INDUSTRIAL,2019-05,F,GUATEMALA,1986,2008,71-75
456,INGENIERIA ELECTRONICA,2019-05,F,GUATEMALA,1994,2013,71-75
442,INGENIERIA MECANICA,2019-05,M,GUATEMALA,1995,2015,71-75
94,INGENIERIA CIVIL,2019-05,M,GUATEMALA,1987,2005,66-70
448,INGENIERIA CIVIL,2019-05,M,GUATEMALA,1989,2013,66-70
450,INGENIERIA CIVIL,2019-05,M,GUATEMALA,1994,2013,66-70
102,INGENIERIA CIVIL,2019-05,M,GUATEMALA,1987,2005,66-70
110,INGENIERIA MECANICA,2019-05,M,GUATEMALA,1988,2008,66-70
28,INGENIERIA EN CIENCIAS Y SISTEMAS,2019-05,F,GUATEMALA,1978,1997,66-70
122,INGENIERIA ELECTRONICA,2019-05,M,GUATEMALA,1987,2006,66-70
7,INGENIERIA MECANICA,2019-05,M,GUATEMALA,1967,1987,71-75
31,INGENIERIA EN CIENCIAS Y SISTEMAS,2019-05,M,GUATEMALA,1979,1997,66-70
131,INGENIERIA INDUSTRIAL,2019-05,M,GUATEMALA,1988,2006,66-70
134,INGENIERIA EN CIENCIAS Y SISTEMAS,2019-05,M,GUATEMALA,1989,2007,66-70
33,INGENIERIA MECANICA,2019-05,M,GUATEMALA,1979,1998,66-70
140,INGENIERIA MECANICA,2019-05,M,GUATEMALA,1987,2011,71-75
151,INGENIERIA EN CIENCIAS Y SISTEMAS,2019-05,M,GUATEMALA,1989,2007,66-70
37,INGENIERIA EN CIENCIAS Y SISTEMAS,2019-05,M,GUATEMALA,1982,2000,71-75
173,INGENIERIA EN CIENCIAS Y SISTEMAS,2019-05,M,GUATEMALA,1989,2008,66-70
176,INGENIERIA CIVIL,2019-05,M,GUATEMALA,1987,2009,66-70
41,INGENIERIA CIVIL,2019-05,M,GUATEMALA,1980,2000,66-70
182,INGENIERIA ELECTRICA,2019-05,M,GUATEMALA,1988,2011,66-70
492,INGENIERIA INDUSTRIAL,2019-05,F,GUATEMALA,1996,2015,71-75
187,INGENIERIA CIVIL,2019-05,M,GUATEMALA,1991,2009,71-75
195,INGENIERIA INDUSTRIAL,2019-05,M,GUATEMALA,1991,2009,66-70
45,INGENIERIA QUIMICA,2019-05,M,GUATEMALA,1983,2001,71-75
487,INGENIERIA CIVIL,2019-05,F,GUATEMALA,1990,2014,66-70
199,INGENIERIA MECANICA INDUSTRIAL,2019-05,M,GUATEMALA,1991,2009,66-70
204,INGENIERIA EN CIENCIAS Y SISTEMAS,2019-05,M,GUATEMALA,1991,2009,66-70
205,INGENIERIA EN CIENCIAS Y SISTEMAS,2019-05,M,GUATEMALA,1991,2009,66-70
207,INGENIERIA MECANICA ELECTRICA,2019-05,M,GUATEMALA,1991,2009,71-75
47,INGENIERIA INDUSTRIAL,2019-05,F,GUATEMALA,1983,2001,66-70
216,INGENIERIA CIVIL,2019-05,M,GUATEMALA,1990,2009,66-70
225,INGENIERIA QUIMICA,2019-05,F,GUATEMALA,1991,2011,66-70
48,INGENIERIA MECANICA INDUSTRIAL,2019-05,M,GUATEMALA,1979,2001,66-70
231,INGENIERIA CIVIL,2019-05,F,GUATEMALA,1990,2010,66-70
237,INGENIERIA MECANICA,2019-05,M,GUATEMALA,1991,2010,71-75
239,INGENIERIA MECANICA INDUSTRIAL,2019-05,M,GUATEMALA,1990,2010,66-70
10,INGENIERIA ELECTRICA,2019-05,M,GUATEMALA,1969,2004,61-65
254,INGENIERIA EN CIENCIAS Y SISTEMAS,2019-05,M,GUATEMALA,1992,2010,71-75
256,INGENIERIA ELECTRONICA,2019-05,M,GUATEMALA,1992,2011,71-75
257,INGENIERIA CIVIL,2019-05,M,GUATEMALA,1991,2013,66-70
259,INGENIERIA INDUSTRIAL,2019-05,F,GUATEMALA,1990,2011,66-70
265,INGENIERIA EN CIENCIAS Y SISTEMAS,2019-05,M,GUATEMALA,1992,2011,71-75
55,INGENIERIA MECANICA INDUSTRIAL,2019-05,M,GUATEMALA,1982,2001,66-70
269,INGENIERIA CIVIL,2019-05,F,GUATEMALA,1989,2011,61-65
272,INGENIERIA INDUSTRIAL,2019-05,M,GUATEMALA,1991,2011,71-75
280,INGENIERIA ELECTRONICA,2019-05,M,GUATEMALA,1992,2011,66-70
288,INGENIERIA INDUSTRIAL,2019-05,M,GUATEMALA,1990,2011,71-75
289,INGENIERIA CIVIL,2019-05,M,GUATEMALA,1991,2011,71-75
290,INGENIERIA CIVIL,2019-05,F,GUATEMALA,1992,2011,71-75
292,INGENIERIA QUIMICA,2019-05,M,GUATEMALA,1993,2011,71-75
295,INGENIERIA EN CIENCIAS Y SISTEMAS,2019-05,M,GUATEMALA,1991,2011,71-75
299,INGENIERIA EN CIENCIAS Y SISTEMAS,2019-05,M,GUATEMALA,1992,2011,76-80
300,INGENIERIA MECANICA ELECTRICA,2019-05,M,GUATEMALA,1991,2011,66-70
301,INGENIERIA ELECTRONICA,2019-05,M,GUATEMALA,1992,2011,71-75
306,INGENIERIA CIVIL,2019-05,M,GUATEMALA,1992,2011,66-70
308,INGENIERIA INDUSTRIAL,2019-05,M,GUATEMALA,1993,2012,66-70
4,INGENIERIA MECANICA,2019-05,M,GUATEMALA,1959,1995,66-70
310,INGENIERIA INDUSTRIAL,2019-05,F,GUATEMALA,1993,2011,66-70
314,INGENIERIA QUIMICA,2019-05,F,GUATEMALA,1992,2011,66-70
316,INGENIERIA INDUSTRIAL,2019-05,M,GUATEMALA,1991,2011,66-70
324,INGENIERIA ELECTRONICA,2019-05,M,GUATEMALA,1991,2012,71-75
325,INGENIERIA CIVIL,2019-05,M,GUATEMALA,1994,2012,71-75
331,INGENIERIA MECANICA,2019-05,F,GUATEMALA,1993,2015,66-70
335,INGENIERIA CIVIL,2019-05,M,GUATEMALA,1992,2012,66-70
341,INGENIERIA INDUSTRIAL,2019-05,F,GUATEMALA,1994,2012,66-70
342,INGENIERIA MECANICA ELECTRICA,2019-05,M,GUATEMALA,1993,2012,71-75
70,INGENIERIA QUIMICA,2019-05,F,GUATEMALA,1983,2003,66-70
71,INGENIERIA INDUSTRIAL,2019-05,M,GUATEMALA,1984,2007,66-70
72,INGENIERIA INDUSTRIAL,2019-05,M,GUATEMALA,1985,2003,66-70
355,INGENIERIA INDUSTRIAL,2019-05,M,GUATEMALA,1990,2012,71-75
136,INGENIERIA INDUSTRIAL,2019-06,M,GUATEMALA,1988,2009,66-70
233,INGENIERIA INDUSTRIAL,2019-06,M,GUATEMALA,1993,2016,66-70
148,INGENIERIA INDUSTRIAL,2019-06,M,GUATEMALA,1987,2007,61-65
181,INGENIERIA INDUSTRIAL,2019-06,F,GUATEMALA,1987,2008,66-70
54,INGENIERIA MECANICA INDUSTRIAL,2019-06,M,GUATEMALA,1983,2001,66-70
365,INGENIERIA INDUSTRIAL,2019-06,M,GUATEMALA,1992,2012,66-70
475,INGENIERIA INDUSTRIAL,2019-06,F,GUATEMALA,1996,2014,76-80
98,INGENIERIA MECANICA INDUSTRIAL,2019-06,M,GUATEMALA,1986,2008,66-70
250,INGENIERIA INDUSTRIAL,2019-06,M,GUATEMALA,1991,2010,71-75
276,INGENIERIA INDUSTRIAL,2019-06,M,GUATEMALA,1991,2011,71-75
25,INGENIERIA INDUSTRIAL,2019-06,M,GUATEMALA,1977,2011,66-70
114,INGENIERIA MECANICA INDUSTRIAL,2019-06,M,GUATEMALA,1986,2006,66-70
116,INGENIERIA EN CIENCIAS Y SISTEMAS,2019-07,M,GUATEMALA,1988,2006,66-70
220,INGENIERIA EN CIENCIAS Y SISTEMAS,2019-07,M,GUATEMALA,1992,2009,66-70
479,INGENIERIA CIVIL,2019-07,M,GUATEMALA,1994,2014,71-75
249,INGENIERIA MECANICA,2019-07,M,GUATEMALA,1991,2013,66-70
323,INGENIERIA INDUSTRIAL,2019-07,M,GUATEMALA,1992,2012,66-70
128,INGENIERIA EN CIENCIAS Y SISTEMAS,2019-07,F,GUATEMALA,1987,2006,66-70
127,INGENIERIA ELECTRICA,2019-07,M,GUATEMALA,1985,2006,66-70
361,INGENIERIA MECANICA,2019-07,M,GUATEMALA,1994,2013,76-80
125,INGENIERIA QUIMICA,2019-07,F,GUATEMALA,1986,2006,66-70
367,INGENIERIA ELECTRONICA,2019-07,M,GUATEMALA,1993,2012,71-75
20,INGENIERIA EN CIENCIAS Y SISTEMAS,2019-07,M,GUATEMALA,1976,1993,66-70
260,INGENIERIA INDUSTRIAL,2019-07,M,GUATEMALA,1990,2012,66-70
124,INGENIERIA MECANICA INDUSTRIAL,2019-07,M,GUATEMALA,1987,2006,71-75
496,INGENIERIA MECANICA,2019-07,M,GUATEMALA,1995,2016,71-75
105,INGENIERIA ELECTRICA,2019-07,M,GUATEMALA,1985,2005,66-70
499,INGENIERIA CIVIL,2019-07,M,GUATEMALA,1997,2015,71-75
99,INGENIERIA INDUSTRIAL,2019-07,M,GUATEMALA,1987,2008,66-70
494,INGENIERIA CIVIL,2019-07,M,GUATEMALA,1996,2014,76-80
281,INGENIERIA EN CIENCIAS Y SISTEMAS,2019-07,M,GUATEMALA,1991,2011,66-70
286,INGENIERIA EN CIENCIAS Y SISTEMAS,2019-07,M,GUATEMALA,1994,2011,66-70
454,INGENIERIA EN CIENCIAS Y SISTEMAS,2019-07,M,GUATEMALA,1996,2013,71-75
78,INGENIERIA INDUSTRIAL,2019-07,M,GUATEMALA,1985,2014,66-70
334,INGENIERIA QUIMICA,2019-07,M,GUATEMALA,1994,2012,71-75
336,INGENIERIA QUIMICA,2019-07,M,GUATEMALA,1994,2012,71-75
93,INGENIERIA EN CIENCIAS Y SISTEMAS,2019-07,M,GUATEMALA,1986,2005,66-70
376,INGENIERIA CIVIL,2019-07,M,GUATEMALA,1993,2012,66-70
436,INGENIERIA QUIMICA,2019-07,F,GUATEMALA,1995,2013,71-75
92,INGENIERIA CIVIL,2019-07,M,GUATEMALA,1983,2013,66-70
472,INGENIERIA CIVIL,2019-07,M,GUATEMALA,1996,2014,76-80
340,INGENIERIA AMBIENTAL,2019-07,F,GUATEMALA,1994,2012,71-75
427,INGENIERIA QUIMICA,2019-07,M,GUATEMALA,1994,2013,71-75
426,INGENIERIA INDUSTRIAL,2019-07,M,GUATEMALA,1995,2017,66-70
421,INGENIERIA INDUSTRIAL,2019-07,M,GUATEMALA,1994,2013,71-75
464,INGENIERIA CIVIL,2019-07,M,GUATEMALA,1995,2014,71-75
15,INGENIERIA INDUSTRIAL,2019-07,F,GUATEMALA,1973,1990,66-70
46,INGENIERIA CIVIL,2019-07,M,GUATEMALA,1983,2009,66-70
89,INGENIERIA ELECTRONICA,2019-07,M,GUATEMALA,1985,2004,66-70
77,INGENIERIA MECANICA ELECTRICA,2019-07,M,GUATEMALA,1984,2003,66-70
44,INGENIERIA INDUSTRIAL,2019-07,F,GUATEMALA,1982,2001,66-70
87,INGENIERIA QUIMICA,2019-07,M,GUATEMALA,1986,2004,66-70
191,INGENIERIA INDUSTRIAL,2019-07,M,GUATEMALA,1990,2011,76-80
488,INGENIERIA CIVIL,2019-07,M,GUATEMALA,1996,2014,71-75
217,INGENIERIA INDUSTRIAL,2019-07,F,GUATEMALA,1990,2009,66-70
218,INGENIERIA CIVIL,2019-07,M,GUATEMALA,1990,2009,66-70
163,INGENIERIA EN CIENCIAS Y SISTEMAS,2019-07,M,GUATEMALA,1990,2008,71-75
36,INGENIERIA MECANICA,2019-07,M,GUATEMALA,1982,2000,66-70
83,INGENIERIA ELECTRONICA,2019-07,M,GUATEMALA,1985,2004,66-70
493,INGENIERIA MECANICA,2019-07,M,GUATEMALA,1994,2014,71-75
82,INGENIERIA MECANICA,2019-07,M,GUATEMALA,1986,2010,71-75
393,INGENIERIA CIVIL,2019-07,M,GUATEMALA,1994,2013,66-70
240,INGENIERIA CIVIL,2019-07,M,GUATEMALA,1991,2010,66-70
241,INGENIERIA EN CIENCIAS Y SISTEMAS,2019-07,M,GUATEMALA,1991,2010,71-75
143,INGENIERIA EN CIENCIAS Y SISTEMAS,2019-07,M,GUATEMALA,1989,2007,66-70
1,INGENIERIA ELECTRICA,2019-07,M,GUATEMALA,1955,SIN INFORMACION,66-70
401,INGENIERIA MECANICA,2019-09,M,GUATEMALA,1994,2013,76-80
3,INGENIERIA INDUSTRIAL,2019-09,M,GUATEMALA,1957,SIN INFORMACION,76-80
11,INGENIERIA QUIMICA,2019-09,M,GUATEMALA,1969,1989,66-70
366,INGENIERIA AMBIENTAL,2019-09,F,GUATEMALA,1994,2012,66-70
115,INGENIERIA ELECTRICA,2019-09,M,GUATEMALA,1985,2010,66-70
457,INGENIERIA CIVIL,2019-09,M,GUATEMALA,1994,2015,71-75
135,INGENIERIA INDUSTRIAL,2019-09,M,GUATEMALA,1989,2010,66-70
330,INGENIERIA MECANICA,2019-09,M,GUATEMALA,1993,2013,71-75
101,INGENIERIA INDUSTRIAL,2019-09,F,GUATEMALA,1986,2005,61-65
478,INGENIERIA ELECTRONICA,2019-09,M,GUATEMALA,1995,2014,71-75
328,INGENIERIA INDUSTRIAL,2019-09,M,GUATEMALA,1993,2015,66-70
234,INGENIERIA INDUSTRIAL,2019-09,M,GUATEMALA,1992,2010,66-70
490,INGENIERIA INDUSTRIAL,2019-09,F,GUATEMALA,1996,2014,71-75
329,INGENIERIA INDUSTRIAL,2019-09,F,GUATEMALA,1993,2013,66-70
283,INGENIERIA EN CIENCIAS Y SISTEMAS,2019-09,M,GUATEMALA,1992,2011,71-75
117,INGENIERIA QUIMICA,2019-09,M,GUATEMALA,1988,2006,66-70
96,INGENIERIA ELECTRICA,2019-09,M,GUATEMALA,1984,2005,66-70
42,INGENIERIA CIVIL,2019-09,F,GUATEMALA,1981,2005,61-65
213,INGENIERIA MECANICA,2019-09,M,GUATEMALA,1991,2013,66-70
263,INGENIERIA INDUSTRIAL,2019-09,M,GUATEMALA,1992,2013,71-75
170,INGENIERIA QUIMICA,2019-09,F,GUATEMALA,1990,2008,66-70
350,INGENIERIA CIVIL,2019-09,M,GUATEMALA,1992,2012,66-70
22,INGENIERIA INDUSTRIAL,2019-09,M,GUATEMALA,1974,1993,66-70
473,INGENIERIA CIVIL,2019-09,M,GUATEMALA,1995,2014,71-75
235,INGENIERIA CIVIL,2019-09,M,GUATEMALA,1988,2010,66-70
294,INGENIERIA INDUSTRIAL,2019-09,M,GUATEMALA,1988,2011,71-75
236,INGENIERIA INDUSTRIAL,2019-09,M,GUATEMALA,1991,2010,66-70
296,INGENIERIA CIVIL,2019-09,M,GUATEMALA,1990,2011,71-75
40,INGENIERIA MECANICA,2019-09,M,GUATEMALA,1981,2000,66-70
129,INGENIERIA CIVIL,2019-09,M,GUATEMALA,1986,2008,66-70
167,INGENIERIA ELECTRONICA,2019-09,F,GUATEMALA,1989,2008,66-70
17,INGENIERIA EN CIENCIAS Y SISTEMAS,2019-09,M,GUATEMALA,1974,1992,66-70
39,INGENIERIA MECANICA,2019-09,M,GUATEMALA,2003,SIN INFORMACION,76-80
32,INGENIERIA CIVIL,2019-09,M,GUATEMALA,1981,1998,66-70
153,INGENIERIA CIVIL,2019-09,M,GUATEMALA,1987,2007,66-70
85,INGENIERIA INDUSTRIAL,2019-09,M,GUATEMALA,1985,2008,71-75
474,INGENIERIA MECANICA ELECTRICA,2019-09,M,GUATEMALA,1995,2014,81-85
469,INGENIERIA ELECTRONICA,2019-09,M,GUATEMALA,1994,2014,71-75
420,INGENIERIA MECANICA,2019-09,M,GUATEMALA,1995,2014,76-80
74,INGENIERIA CIVIL,2019-09,M,GUATEMALA,1984,2003,66-70
343,INGENIERIA MECANICA INDUSTRIAL,2019-09,M,GUATEMALA,1994,2017,71-75
226,INGENIERIA CIVIL,2019-09,M,GUATEMALA,1990,2010,71-75
227,INGENIERIA INDUSTRIAL,2019-09,F,GUATEMALA,1990,2010,66-70
419,INGENIERIA CIVIL,2019-09,M,GUATEMALA,1993,2013,66-70
501,INGENIERIA INDUSTRIAL,2019-10,F,GUATEMALA,1997,2015,76-80
5,INGENIERIA MECANICA ELECTRICA,2019-10,M,GUATEMALA,1960,1979,66-70
9,INGENIERIA INDUSTRIAL,2019-10,M,GUATEMALA,1970,1988,66-70
14,INGENIERIA INDUSTRIAL,2019-10,M,GUATEMALA,1971,1990,71-75
19,INGENIERIA ELECTRONICA,2019-10,M,GUATEMALA,1974,1993,66-70
24,INGENIERIA INDUSTRIAL,2019-10,M,GUATEMALA,1977,1995,66-70
30,INGENIERIA EN CIENCIAS Y SISTEMAS,2019-10,M,GUATEMALA,1978,1997,66-70
34,INGENIERIA ELECTRICA,2019-10,M,GUATEMALA,1980,1999,66-70
49,INGENIERIA INDUSTRIAL,2019-10,M,GUATEMALA,1981,2010,66-70
51,INGENIERIA INDUSTRIAL,2019-10,M,GUATEMALA,1981,2004,66-70
53,INGENIERIA MECANICA,2019-10,F,GUATEMALA,1980,2001,66-70
58,INGENIERIA INDUSTRIAL,2019-10,M,GUATEMALA,1984,2006,66-70
60,INGENIERIA INDUSTRIAL,2019-10,M,GUATEMALA,1983,2002,66-70
61,INGENIERIA INDUSTRIAL,2019-10,M,GUATEMALA,1984,2002,71-75
62,INGENIERIA ELECTRICA,2019-10,M,GUATEMALA,1983,2002,66-70
67,INGENIERIA ELECTRONICA,2019-10,M,GUATEMALA,1984,2003,66-70
68,INGENIERIA CIVIL,2019-10,M,GUATEMALA,1985,2003,71-75
75,INGENIERIA INDUSTRIAL,2019-10,M,GUATEMALA,1983,2003,66-70
76,INGENIERIA INDUSTRIAL,2019-10,M,GUATEMALA,1985,2007,61-65
80,INGENIERIA QUIMICA,2019-10,F,GUATEMALA,1986,2004,66-70
90,INGENIERIA INDUSTRIAL,2019-10,F,GUATEMALA,1986,2004,66-70
95,INGENIERIA ELECTRICA,2019-10,M,GUATEMALA,1985,2005,66-70
103,INGENIERIA CIVIL,2019-10,M,GUATEMALA,1987,2005,61-65
106,INGENIERIA INDUSTRIAL,2019-10,M,GUATEMALA,1987,2010,71-75
107,INGENIERIA EN CIENCIAS Y SISTEMAS,2019-10,M,GUATEMALA,1987,2006,66-70
108,INGENIERIA INDUSTRIAL,2019-10,M,GUATEMALA,1987,2006,66-70
109,INGENIERIA MECANICA,2019-10,M,GUATEMALA,1987,2006,71-75
113,INGENIERIA INDUSTRIAL,2019-10,M,GUATEMALA,1987,2012,66-70
119,INGENIERIA ELECTRONICA,2019-10,M,GUATEMALA,1987,2006,66-70
123,INGENIERIA CIVIL,2019-10,M,GUATEMALA,1985,2006,66-70
130,INGENIERIA MECANICA INDUSTRIAL,2019-10,M,GUATEMALA,1988,2008,66-70
137,INGENIERIA INDUSTRIAL,2019-10,M,GUATEMALA,1989,2014,71-75
139,INGENIERIA CIVIL,2019-10,M,GUATEMALA,1988,2007,66-70
141,INGENIERIA MECANICA INDUSTRIAL,2019-10,M,GUATEMALA,1988,2007,66-70
149,INGENIERIA MECANICA,2019-10,M,GUATEMALA,1986,2012,71-75
152,INGENIERIA MECANICA,2019-10,M,GUATEMALA,1987,2009,66-70
156,INGENIERIA ELECTRONICA,2019-10,M,GUATEMALA,1987,2008,66-70
158,INGENIERIA MECANICA INDUSTRIAL,2019-10,M,GUATEMALA,1990,2008,71-75
164,INGENIERIA ELECTRONICA,2019-10,M,GUATEMALA,1987,2010,66-70
169,INGENIERIA EN CIENCIAS Y SISTEMAS,2019-10,M,GUATEMALA,1990,2008,66-70
177,INGENIERIA QUIMICA,2019-10,M,GUATEMALA,1990,2008,66-70
186,INGENIERIA CIVIL,2019-10,M,GUATEMALA,1989,2009,66-70
188,INGENIERIA EN CIENCIAS Y SISTEMAS,2019-10,M,GUATEMALA,1989,2009,71-75
194,INGENIERIA EN CIENCIAS Y SISTEMAS,2019-10,M,GUATEMALA,1991,2009,66-70
196,INGENIERIA EN CIENCIAS Y SISTEMAS,2019-10,M,GUATEMALA,1990,2009,71-75
200,INGENIERIA EN CIENCIAS Y SISTEMAS,2019-10,M,GUATEMALA,1990,2009,71-75
209,INGENIERIA ELECTRONICA,2019-10,M,GUATEMALA,1988,2009,66-70
228,INGENIERIA EN CIENCIAS Y SISTEMAS,2019-10,M,GUATEMALA,1990,2010,66-70
238,INGENIERIA MECANICA INDUSTRIAL,2019-10,M,GUATEMALA,1990,2010,66-70
245,INGENIERIA CIVIL,2019-10,M,GUATEMALA,1991,2011,66-70
251,INGENIERIA ELECTRICA,2019-10,M,GUATEMALA,1990,2014,66-70
253,INGENIERIA EN CIENCIAS Y SISTEMAS,2019-10,F,GUATEMALA,1991,2010,71-75
262,INGENIERIA INDUSTRIAL,2019-10,M,GUATEMALA,1993,2011,71-75
264,INGENIERIA ELECTRONICA,2019-10,M,GUATEMALA,1991,2011,71-75
267,INGENIERIA INDUSTRIAL,2019-10,M,GUATEMALA,1992,2015,71-75
270,INGENIERIA EN CIENCIAS Y SISTEMAS,2019-10,M,GUATEMALA,1993,2011,71-75
274,INGENIERIA INDUSTRIAL,2019-10,F,GUATEMALA,1991,2011,66-70
278,INGENIERIA ELECTRICA,2019-10,M,GUATEMALA,1993,2011,66-70
293,INGENIERIA CIVIL,2019-10,M,GUATEMALA,1991,2011,71-75
303,INGENIERIA EN CIENCIAS Y SISTEMAS,2019-10,M,GUATEMALA,1991,2011,71-75
309,INGENIERIA MECANICA,2019-10,M,GUATEMALA,1991,2011,71-75
311,INGENIERIA EN CIENCIAS Y SISTEMAS,2019-10,M,GUATEMALA,1991,2011,71-75
315,INGENIERIA EN CIENCIAS Y SISTEMAS,2019-10,F,GUATEMALA,1993,2011,66-70
319,INGENIERIA MECANICA,2019-10,M,GUATEMALA,1992,2011,66-70
320,INGENIERIA CIVIL,2019-10,M,GUATEMALA,1989,2014,66-70
321,INGENIERIA INDUSTRIAL,2019-10,M,GUATEMALA,1990,2015,61-65
322,INGENIERIA INDUSTRIAL,2019-10,M,GUATEMALA,1994,2013,66-70
339,INGENIERIA INDUSTRIAL,2019-10,M,GUATEMALA,1993,2014,66-70
345,INGENIERIA MECANICA INDUSTRIAL,2019-10,M,GUATEMALA,1993,2013,71-75
346,INGENIERIA CIVIL,2019-10,M,GUATEMALA,1993,2012,66-70
347,INGENIERIA QUIMICA,2019-10,M,GUATEMALA,1994,2012,71-75
352,INGENIERIA INDUSTRIAL,2019-10,M,GUATEMALA,1994,2012,71-75
354,INGENIERIA EN CIENCIAS Y SISTEMAS,2019-10,M,GUATEMALA,1993,2013,76-80
356,INGENIERIA INDUSTRIAL,2019-10,M,GUATEMALA,1994,2012,66-70
358,INGENIERIA INDUSTRIAL,2019-10,F,GUATEMALA,1993,2012,71-75
362,INGENIERIA EN CIENCIAS Y SISTEMAS,2019-10,M,GUATEMALA,1994,2012,71-75
370,INGENIERIA AMBIENTAL,2019-10,F,GUATEMALA,1993,2012,71-75
377,INGENIERIA CIVIL,2019-10,F,GUATEMALA,1993,2012,66-70
380,INGENIERIA CIVIL,2019-10,M,GUATEMALA,1993,2012,71-75
385,INGENIERIA CIVIL,2019-10,F,GUATEMALA,1994,2014,71-75
391,INGENIERIA QUIMICA,2019-10,M,GUATEMALA,1994,2013,66-70
394,INGENIERIA QUIMICA,2019-10,M,GUATEMALA,1994,2013,71-75
395,INGENIERIA MECANICA,2019-10,M,GUATEMALA,1994,2013,76-80
400,INGENIERIA INDUSTRIAL,2019-10,F,GUATEMALA,1995,2013,71-75
404,INGENIERIA EN CIENCIAS Y SISTEMAS,2019-10,M,GUATEMALA,1995,2013,76-80
408,INGENIERIA QUIMICA,2019-10,F,GUATEMALA,1995,2013,71-75
410,INGENIERIA MECANICA INDUSTRIAL,2019-10,M,GUATEMALA,1994,2015,66-70
412,INGENIERIA QUIMICA,2019-10,F,GUATEMALA,1994,2013,81-85
417,INGENIERIA CIVIL,2019-10,M,GUATEMALA,1995,2013,71-75
433,INGENIERIA INDUSTRIAL,2019-10,F,GUATEMALA,1994,2013,76-80
434,INGENIERIA MECANICA INDUSTRIAL,2019-10,M,GUATEMALA,1994,2013,71-75
435,INGENIERIA QUIMICA,2019-10,F,GUATEMALA,1994,2014,66-70
440,INGENIERIA INDUSTRIAL,2019-10,M,GUATEMALA,1995,2013,66-70
443,INGENIERIA CIVIL,2019-10,F,GUATEMALA,1995,2013,66-70
445,INGENIERIA INDUSTRIAL,2019-10,M,GUATEMALA,1993,2013,71-75
452,INGENIERIA INDUSTRIAL,2019-10,F,GUATEMALA,1995,2013,66-70
458,INGENIERIA ELECTRONICA,2019-10,M,GUATEMALA,1993,2013,71-75
459,INGENIERIA INDUSTRIAL,2019-10,M,GUATEMALA,1995,2015,66-70
462,INGENIERIA CIVIL,2019-10,M,GUATEMALA,1995,2014,86-90
463,INGENIERIA INDUSTRIAL,2019-10,F,GUATEMALA,1996,2014,71-75
466,INGENIERIA ELECTRONICA,2019-10,F,GUATEMALA,1995,2014,76-80
467,INGENIERIA MECANICA INDUSTRIAL,2019-10,M,GUATEMALA,1996,2014,71-75
470,INGENIERIA ELECTRONICA,2019-10,M,GUATEMALA,1995,2014,71-75
471,INGENIERIA INDUSTRIAL,2019-10,F,GUATEMALA,1996,2014,71-75
476,INGENIERIA MECANICA ELECTRICA,2019-10,M,GUATEMALA,1995,2014,71-75
477,INGENIERIA INDUSTRIAL,2019-10,F,GUATEMALA,1995,2014,76-80
480,INGENIERIA EN CIENCIAS Y SISTEMAS,2019-10,M,GUATEMALA,1996,2014,76-80
481,INGENIERIA INDUSTRIAL,2019-10,F,GUATEMALA,1995,2014,71-75
483,INGENIERIA MECANICA INDUSTRIAL,2019-10,M,GUATEMALA,1992,2014,71-75
485,INGENIERIA INDUSTRIAL,2019-10,M,GUATEMALA,1995,2014,71-75
486,INGENIERIA INDUSTRIAL,2019-10,M,GUATEMALA,1995,2015,71-75
491,INGENIERIA EN CIENCIAS Y SISTEMAS,2019-10,M,GUATEMALA,1996,2014,76-80
498,INGENIERIA ELECTRONICA,2019-10,M,GUATEMALA,1994,2014,71-75
500,INGENIERIA CIVIL,2019-10,M,GUATEMALA,1997,2015,81-85
12,INGENIERIA MECANICA,2019-11,M,GUATEMALA,1970,2011,71-75
338,INGENIERIA QUIMICA,2019-11,M,GUATEMALA,1992,2012,71-75
317,INGENIERIA MECANICA INDUSTRIAL,2019-11,M,GUATEMALA,1992,2011,71-75
305,INGENIERIA QUIMICA,2019-11,M,GUATEMALA,1993,2011,71-75
284,INGENIERIA INDUSTRIAL,2019-11,F,GUATEMALA,1992,2014,66-70
184,INGENIERIA MECANICA INDUSTRIAL,2019-11,M,GUATEMALA,1981,2012,66-70
146,INGENIERIA INDUSTRIAL,2019-11,M,GUATEMALA,1988,2011,71-75
258,INGENIERIA CIVIL,2019-11,M,GUATEMALA,1992,2011,61-65
248,INGENIERIA MECANICA,2019-11,M,GUATEMALA,1991,2012,66-70
79,INGENIERIA ELECTRICA,2019-11,M,GUATEMALA,1984,2004,66-70
63,INGENIERIA EN CIENCIAS Y SISTEMAS,2019-11,M,GUATEMALA,1984,2002,66-70
246,INGENIERIA QUIMICA,2019-11,M,GUATEMALA,1992,2010,71-75
57,INGENIERIA INDUSTRIAL,2019-11,M,GUATEMALA,1983,2008,66-70
447,INGENIERIA EN CIENCIAS Y SISTEMAS,2019-11,M,GUATEMALA,1993,2013,66-70
446,INGENIERIA INDUSTRIAL,2019-11,M,GUATEMALA,1994,2015,66-70
444,INGENIERIA INDUSTRIAL,2019-11,F,GUATEMALA,1993,2013,71-75
438,INGENIERIA INDUSTRIAL,2019-11,F,GUATEMALA,1994,2013,71-75
392,INGENIERIA QUIMICA,2019-11,M,GUATEMALA,1994,2013,71-75
208,INGENIERIA INDUSTRIAL,2019-11,M,GUATEMALA,1990,2013,71-75
52,INGENIERIA EN CIENCIAS Y SISTEMAS,2019-11,M,GUATEMALA,1982,2001,71-75
384,INGENIERIA CIVIL,2019-11,M,GUATEMALA,1993,2013,71-75
381,INGENIERIA INDUSTRIAL,2019-11,F,GUATEMALA,1994,2012,66-70
8,INGENIERIA MECANICA,2019-11,M,GUATEMALA,1966,1987,66-70
198,INGENIERIA EN CIENCIAS Y SISTEMAS,2019-11,M,GUATEMALA,1990,2009,66-70
373,INGENIERIA CIVIL,2019-11,M,GUATEMALA,1994,2014,66-70
465,INGENIERIA ELECTRONICA,2019-11,M,GUATEMALA,1995,2014,71-75
190,INGENIERIA ELECTRONICA,2019-11,M,GUATEMALA,1990,2009,66-70
489,INGENIERIA ELECTRICA,2019-11,M,GUATEMALA,1994,2014,81-85
371,INGENIERIA MECANICA,2019-11,F,GUATEMALA,1993,2014,71-75
351,INGENIERIA CIVIL,2019-11,M,GUATEMALA,1992,2012,61-65
189,INGENIERIA ELECTRONICA,2019-11,M,GUATEMALA,1986,2009,71-75
